{
    "accuracy": 0.9919282511210762,
    "precision": 1.0,
    "recall": 0.9395973154362416,
    "f1_score": 0.9688581314878892,
    "auc_roc": 0.9990620701154697,
    "training_time_minutes": 15.177453955014547,
    "num_epochs": 1,
    "batch_size": 16,
    "learning_rate": 5e-05,
    "max_length": 128,
    "training_history": {
        "train_loss": [
            0.07536028913482934
        ],
        "train_acc": [
            99.37163543701172
        ],
        "val_acc": [
            98.74439239501953
        ]
    }
}